INSERT INTO living_things (id, name)
VALUES(0, 'temp'), 
(1, 'Other'), 
(2, 'Slime'), 
(3, 'Spider'), 
(4, 'Skeleton'), 
(5, 'Gust');

INSERT INTO ingredients (id, name, living_thing_id)
VALUES(0, 'Глаз паука', 3), 
(1, 'Сахар', 1), 
(2, 'Гриб', 1), 
(3, 'Сгусток магмы', 1), 
(4, 'Красный порошок', 1), 
(5, 'Блестящий порошок', 1), 
(6, 'Костная мука', 4), 
(7, 'Огненный порошок', 1), 
(8, 'Маринованный паучий глаз', 3), 
(9, 'Золотая морковь', 1), 
(10, 'Воды бутылка', 1), 
(11, 'Сверкающий ломтик арбуза', 1), 
(12, 'Слеза гаста', 5), 
(13, 'Слизь', 2), 
(14, 'Золотой слиток', 1), 
(15, 'Нарост из незера', 1);

INSERT INTO effects (id, name, power, duration)
VALUES(0, 'регенерации', 1, 60), 
(1, 'инстант-регенерации', 2, 90), 
(2, 'силы', 1, 60), 
(3, 'силы', 2, 90), 
(4, 'огнестойкости', 1, 60), 
(5, 'огнестойкости', 2, 90), 
(6, 'Зелье замедления', 1, 60), 
(7, 'восполнения', 1, 60), 
(8, 'восполнения', 2, 90), 
(9, 'урона', 1, 60), 
(10, 'урона', 2, 90), 
(11, 'бесполезности', 1, 60), 
(12, 'бесполезности', 2, 90), 
(13, 'беспризорности', 1, 60), 
(14, 'беспризорности', 2, 90), 
(15, 'невидимости', 1, 60), 
(16, 'невидимости', 2, 90), 
(17, 'ночное видения', 1, 60), 
(18, 'ночного видения', 2, 90), 
(19, 'замедленного падения', 1, 60), 
(20, 'обновления вдохновения', 1, 60), 
(21, 'обновлениfя вдохновения', 2, 90);

INSERT INTO enterprise_point_type (id, type)
VALUES(0, 'shop'), 
(1, 'issuing orders'), 
(2, 'test');

INSERT INTO posts (id, name, EPT_id)
VALUES(0, 'seller', 0), 
(1, 'deliver', 0), 
(2, 'manager', 1), 
(3, 'tester', 2);

INSERT INTO potions (id, name, effect_id)
VALUES(0, 'Зелье регенерации', 0), 
(1, 'Зелье инстант-регенерации', 1), 
(2, 'Зелье силы', 2), 
(3, 'Зелье силы II', 3), 
(4, 'Зелье огнестойкости', 4), 
(5, 'Зелье огнестойкости II', 5), 
(6, 'Зелье замедления', 6), 
(7, 'Зелье восполнения', 7), 
(8, 'Зелье восполнения II', 8), 
(9, 'Зелье урона', 9), 
(10, 'Зелье урона II', 10), 
(11, 'Зелье бесполезности', 11), 
(12, 'Зелье бесполезности II', 12), 
(13, 'Зелье беспризорности', 13), 
(14, 'Зелье беспризорности II', 14), 
(15, 'Зелье невидимости', 15), 
(16, 'Зелье невидимости II', 16), 
(17, 'Зелье ночного видения', 17), 
(18, 'Зелье ночного видения II', 18), 
(19, 'Зелье замедленного падения', 19), 
(20, 'Зелье обновления вдохновения', 20), 
(21, 'Зелье обновления вдохновения II', 21);

INSERT INTO tools_armor (id, name)
VALUES(0, 'sword'), 
(1, 'pickaxe');

INSERT INTO order_status (id, status)
VALUES(0, 'Accepted'), 
(1, 'Processing'), 
(2, 'Review'), 
(3, 'Passed');

INSERT INTO test_status (id, status)
VALUES(0, 'Good ready'), 
(1, 'Bad ready');

INSERT INTO ingredients_potions (id, potion_id, ingredient_id, amount_of_ingredient)
VALUES(0, 0, 10, 1), 
(1, 0, 15, 1), 
(2, 0, 12, 2), 
(3, 0, 4, 1), 
(4, 1, 10, 1), 
(5, 1, 15, 2), 
(6, 1, 12, 1), 
(7, 1, 5, 1), 
(8, 2, 10, 1), 
(9, 2, 15, 1), 
(10, 2, 7, 2), 
(11, 2, 4, 1), 
(12, 3, 10, 1), 
(13, 3, 15, 2), 
(14, 3, 7, 1), 
(15, 3, 5, 1), 
(16, 4, 10, 1), 
(17, 4, 15, 1), 
(18, 4, 3, 1), 
(19, 5, 10, 1), 
(20, 5, 15, 1), 
(21, 5, 3, 1), 
(22, 5, 4, 1), 
(23, 6, 10, 1), 
(24, 6, 15, 1), 
(25, 6, 13, 1), 
(26, 6, 1, 2), 
(27, 6, 8, 2), 
(28, 6, 4, 2), 
(29, 6, 5, 2), 
(30, 7, 10, 1), 
(31, 7, 15, 1), 
(32, 7, 11, 1), 
(33, 8, 10, 1), 
(34, 8, 15, 1), 
(35, 8, 11, 2), 
(36, 8, 5, 1), 
(37, 9, 10, 1), 
(38, 9, 15, 1), 
(39, 9, 11, 1), 
(40, 9, 0, 1), 
(41, 9, 8, 1), 
(42, 10, 10, 1), 
(43, 10, 15, 1), 
(44, 10, 11, 1), 
(45, 10, 0, 1), 
(46, 10, 8, 2), 
(47, 10, 5, 1), 
(48, 11, 10, 1), 
(49, 11, 0, 1), 
(50, 12, 10, 1), 
(51, 12, 0, 2), 
(52, 12, 4, 1), 
(53, 13, 10, 1), 
(54, 13, 0, 1), 
(55, 13, 1, 1), 
(56, 14, 10, 1), 
(57, 14, 0, 1), 
(58, 14, 1, 2), 
(59, 14, 4, 1), 
(60, 15, 10, 1), 
(61, 15, 15, 1), 
(62, 15, 9, 1), 
(63, 15, 8, 1), 
(64, 16, 10, 1), 
(65, 16, 15, 1), 
(66, 16, 9, 1), 
(67, 16, 8, 2), 
(68, 16, 4, 1), 
(69, 17, 10, 1), 
(70, 17, 15, 1), 
(71, 17, 9, 1), 
(72, 18, 10, 1), 
(73, 18, 15, 1), 
(74, 18, 9, 1), 
(75, 18, 4, 1), 
(76, 19, 10, 1), 
(77, 19, 15, 1), 
(78, 19, 6, 1), 
(79, 19, 4, 1), 
(80, 20, 10, 1), 
(81, 20, 15, 1), 
(82, 20, 2, 1), 
(83, 20, 4, 1), 
(84, 21, 10, 1), 
(85, 21, 15, 1), 
(86, 21, 2, 2), 
(87, 21, 5, 1);
